index_a,index_b,sequence_a,sequence_b,edit_distance
3,4,YPWKF,YPWGF,1
7,24,VQIYK,VQIIYK,1
7,25,VQIYK,VQILYK,1
7,26,VQIYK,VQITYK,1
7,27,VQIYK,VQIVYK,1
14,37,SHAVS,SHAVSS,1
19,20,YAGFA,YAGFL,1
19,41,YAGFA,YAGFNA,1
20,21,YAGFL,YGGFL,1
20,39,YAGFL,YAGFLL,1
20,40,YAGFL,YAGFLR,1
21,22,YGGFL,YGGFM,1
21,42,YGGFL,YGGFLR,1
24,25,VQIIYK,VQILYK,1
24,26,VQIIYK,VQITYK,1
24,27,VQIIYK,VQIVYK,1
25,26,VQILYK,VQITYK,1
25,27,VQILYK,VQIVYK,1
26,27,VQITYK,VQIVYK,1
29,47,CYFQNC,CYFQNCP,1
38,49,VVYPWT,LVVYPWT,1
39,40,YAGFLL,YAGFLR,1
40,42,YAGFLR,YGGFLR,1
42,66,YGGFLR,YGGFLRC,1
44,51,NTGSPYE,NTGSPYE,0
47,73,CYFQNCP,CYFQNCPR,1
49,82,LVVYPWT,LLVVYPWT,1
55,56,YACHCFF,YACPCFF,1
57,58,YAFDVVG,YAFEVVG,1
57,62,YAFDVVG,YAFQVVG,1
57,64,YAFDVVG,YAFSVVG,1
58,62,YAFEVVG,YAFQVVG,1
58,64,YAFEVVG,YAFSVVG,1
58,81,YAFEVVG,KYAFEVVG,1
58,87,YAFEVVG,RYAFEVVG,1
59,60,YAFGYPK,YAFGYPS,1
61,62,YAFQAVG,YAFQVVG,1
61,63,YAFQAVG,YAFSAVG,1
62,64,YAFQVVG,YAFSVVG,1
63,64,YAFSAVG,YAFSVVG,1
73,91,CYFQNCPR,CYFQNCPRG,1
78,79,GANYPFF,GANYPFP,1
81,87,KYAFEVVG,RYAFEVVG,1
81,93,KYAFEVVG,KKYAFEVVG,1
87,96,RYAFEVVG,RRYAFEVVG,1
90,95,APYAFEVVG,PPYAFEVVG,1
98,113,WAGGDASGE,YWAGGDASGE,1
99,103,YPENGFPEN,FYPENGFPEN,1
99,111,YPENGFPEN,YPENGFPENF,1
101,102,FCYWKVCTNH,FCYWKVCWNH,1
111,124,YPENGFPENF,YPENGFPENFA,1
114,122,YGRKKRRQRRR,YGRKKRRQRRR,0
115,160,FCYWRTPENTN,FCYWRNTPENTN,1
139,162,PWVPSWMPPRHT,PWVPSWMPPRHTN,1
143,163,RKRIRLVTKKKR,RKRIRLVTKKKRR,1
150,165,THRPPMWSPVWP,THRPPMWSPVWPN,1
150,166,THRPPMWSPVWP,TNHRPPMWSPVWP,1
156,157,YPENGPFFPENF,YPENGPIFPENF,1
156,168,YPENGPFFPENF,YPENGPRFPENF,1
157,168,YPENGPIFPENF,YPENGPRFPENF,1
158,159,ELYENKPRRPYIL,ELYENLPRRPYIL,1
176,178,RQIKIWFQNRRMKWKK,RQIKIWFQNRRMKWKK,0
184,189,RGGRLSYSRRRFSTSTGR,RGGRLSYSRRRFSTSTGR,0
190,192,VRLPPPVKLPPPVRLPPP,VRLPPPVLPPPVRLPPP,1
193,195,VRPPPVRLPPPKRLPPP,VRPPPVRLPPPVRLPPP,1
194,195,VRPPPVRLPPPVRKPPP,VRPPPVRLPPPVRLPPP,1
205,214,HGLASTLTRWAHYNALIRA,HGLASTLTRWAHYNALIRAF,1
207,208,TFFYGGCRGKRNNFKTEEY,TFFYGGSRGKRNNFKTEEY,1
208,209,TFFYGGSRGKRNNFKTEEY,TFFYGGSRGKRNNFRTEEY,1
209,210,TFFYGGSRGKRNNFRTEEY,TFFYGGSRGRRNNFRTEEY,1
222,223,AGYLLGKINLKALAALAKKIL,AGYLLGKINLKPLAALAKKIL,1
242,248,CKGKGAKCSRLYDCCTGSCRSGKC,CKGKGAKCSRLMYDCCTGSCRSGKC,1
250,251,YGRKKRRQRRRARSRLAELRGVPRGL,YGRKKRRQRRRARSRLKELRGVPRGL,1
