index_a,index_b,sequence_a,sequence_b,jaccard_similarity
29,47,CYFQNC,CYFQNCP,0.8
38,49,VVYPWT,LVVYPWT,0.8
42,66,YGGFLR,YGGFLRC,0.8
44,51,NTGSPYE,NTGSPYE,1.0
47,73,CYFQNCP,CYFQNCPR,0.8333333333333334
49,82,LVVYPWT,LLVVYPWT,0.8333333333333334
58,81,YAFEVVG,KYAFEVVG,0.8333333333333334
58,87,YAFEVVG,RYAFEVVG,0.8333333333333334
73,91,CYFQNCPR,CYFQNCPRG,0.8571428571428571
81,93,KYAFEVVG,KKYAFEVVG,0.8571428571428571
87,96,RYAFEVVG,RRYAFEVVG,0.8571428571428571
98,113,WAGGDASGE,YWAGGDASGE,0.875
99,103,YPENGFPEN,FYPENGFPEN,0.8571428571428571
99,111,YPENGFPEN,YPENGFPENF,0.8571428571428571
105,188,LRKLRKRLLR,LRKLRKRLLLRKLRKRLL,0.875
111,124,YPENGFPENF,YPENGFPENFA,0.875
114,122,YGRKKRRQRRR,YGRKKRRQRRR,1.0
139,162,PWVPSWMPPRHT,PWVPSWMPPRHTN,0.9090909090909091
143,163,RKRIRLVTKKKR,RKRIRLVTKKKRR,0.9090909090909091
143,244,RKRIRLVTKKKR,RKRIRLVTKKKRRKRIRLVTKKKR,0.8333333333333334
145,245,RPRTRLHTHRNR,RPRTRLHTHRNRRPRTRLHTHRNR,0.8333333333333334
150,165,THRPPMWSPVWP,THRPPMWSPVWPN,0.9090909090909091
163,244,RKRIRLVTKKKRR,RKRIRLVTKKKRRKRIRLVTKKKR,0.9166666666666666
176,178,RQIKIWFQNRRMKWKK,RQIKIWFQNRRMKWKK,1.0
184,189,RGGRLSYSRRRFSTSTGR,RGGRLSYSRRRFSTSTGR,1.0
191,195,VRLPPPVRLPPPVRPPP,VRPPPVRLPPPVRLPPP,1.0
200,208,CTFFYGGSRGKRNNFKTEE,TFFYGGSRGKRNNFKTEEY,0.8888888888888888
205,214,HGLASTLTRWAHYNALIRA,HGLASTLTRWAHYNALIRAF,0.9444444444444444
205,233,HGLASTLTRWAHYNALIRA,HGLASTLTRWAHYNALIRAFGGG,0.8095238095238095
214,233,HGLASTLTRWAHYNALIRAF,HGLASTLTRWAHYNALIRAFGGG,0.8571428571428571
242,248,CKGKGAKCSRLYDCCTGSCRSGKC,CKGKGAKCSRLMYDCCTGSCRSGKC,0.8
262,266,DQSRPVQPFLNLTTPRKPRPPRRRQRRKKR,DQSRPVQPFLNLTTPRKPRPPRRQRRKKRG,0.9310344827586207
1160,2127,NHLSNTNDNRERQEHNDRRSLGHPEPLS,NTNDNRERQEHNDRRSLGHPEPLSN,0.8846153846153846
